{
  "timestamp": "2026-04-16T03:35:31.818575",
  "approach": "1C - Participant-Level Aggregation",
  "num_participants": 23,
  "bipolar_count": 8,
  "unipolar_count": 15,
  "best_config": "C=0.1, class_weight=None",
  "best_loocv_accuracy": 0.6086956521739131,
  "all_results": {
    "C=0.1, class_weight=None": {
      "accuracy": 0.6086956521739131,
      "roc_auc": 0.2,
      "cm_tn": 0,
      "cm_fp": 8,
      "cm_fn": 1,
      "cm_tp": 14
    },
    "C=0.1, class_weight=balanced": {
      "accuracy": 0.6086956521739131,
      "roc_auc": 0.30833333333333335,
      "cm_tn": 2,
      "cm_fp": 6,
      "cm_fn": 3,
      "cm_tp": 12
    },
    "C=1.0, class_weight=None": {
      "accuracy": 0.6086956521739131,
      "roc_auc": 0.21666666666666665,
      "cm_tn": 0,
      "cm_fp": 8,
      "cm_fn": 1,
      "cm_tp": 14
    },
    "C=1.0, class_weight=balanced": {
      "accuracy": 0.6086956521739131,
      "roc_auc": 0.2916666666666667,
      "cm_tn": 2,
      "cm_fp": 6,
      "cm_fn": 3,
      "cm_tp": 12
    },
    "C=10.0, class_weight=None": {
      "accuracy": 0.6086956521739131,
      "roc_auc": 0.21666666666666667,
      "cm_tn": 0,
      "cm_fp": 8,
      "cm_fn": 1,
      "cm_tp": 14
    },
    "C=10.0, class_weight=balanced": {
      "accuracy": 0.5217391304347826,
      "roc_auc": 0.29166666666666663,
      "cm_tn": 2,
      "cm_fp": 6,
      "cm_fn": 5,
      "cm_tp": 10
    }
  }
}