{
  "accuracy": 0.5342465753424658,
  "precision": 0.5902173913043478,
  "recall": 0.45784148397976393,
  "f1": 0.5156695156695157,
  "roc_auc": 0.5561669846751275
}