{
  "accuracy": 0.554013875123885,
  "precision": 1.0,
  "recall": 0.554013875123885,
  "f1": 0.7130102040816326,
  "roc_auc": NaN
}