{
  "timestamp": "2026-04-16T04:22:55.181265",
  "approach": "1B - Feature Engineering + XGBoost (Grid Search)",
  "num_participants": 23,
  "bipolar_count": 8,
  "unipolar_count": 15,
  "grid_search": {
    "max_depths_tested": [
      3,
      5,
      7
    ],
    "n_estimators_fixed": 100
  },
  "all_results": {
    "max_depth=3": {
      "accuracy": 0.391304347826087,
      "roc_auc": 0.21666666666666667,
      "confusion_matrix": [
        [
          0,
          8
        ],
        [
          6,
          9
        ]
      ]
    },
    "max_depth=5": {
      "accuracy": 0.391304347826087,
      "roc_auc": 0.21666666666666667,
      "confusion_matrix": [
        [
          0,
          8
        ],
        [
          6,
          9
        ]
      ]
    },
    "max_depth=7": {
      "accuracy": 0.391304347826087,
      "roc_auc": 0.21666666666666667,
      "confusion_matrix": [
        [
          0,
          8
        ],
        [
          6,
          9
        ]
      ]
    }
  },
  "best_config": "max_depth=3",
  "best_accuracy": 0.391304347826087
}