{
  "accuracy": 0.6541129831516352,
  "precision": 1.0,
  "recall": 0.6541129831516352,
  "f1": 0.7908927501497903,
  "roc_auc": NaN
}