{
  "accuracy": 0.8800792864222002,
  "precision": 1.0,
  "recall": 0.8800792864222002,
  "f1": 0.9362150764364786,
  "roc_auc": NaN
}