{
  "accuracy": 0.5966303270564915,
  "precision": 1.0,
  "recall": 0.5966303270564915,
  "f1": 0.7473618870266915,
  "roc_auc": NaN
}