{
  "accuracy": 0.48166501486620417,
  "precision": 1.0,
  "recall": 0.48166501486620417,
  "f1": 0.6501672240802676,
  "roc_auc": NaN
}