{
  "timestamp": "2026-04-16T03:36:29.949468",
  "approach": "1A - Multi-Scale Windows",
  "window_results": {
    "24hr": {
      "accuracy": 0.7790697674418605,
      "roc_auc": null,
      "cm": [
        [
          0,
          0
        ],
        [
          19,
          67
        ]
      ]
    },
    "48hr": {
      "accuracy": 0.5365853658536586,
      "roc_auc": null,
      "cm": [
        [
          0,
          0
        ],
        [
          19,
          22
        ]
      ]
    },
    "72hr": {
      "accuracy": 0.23076923076923078,
      "roc_auc": null,
      "cm": [
        [
          0,
          0
        ],
        [
          20,
          6
        ]
      ]
    }
  },
  "best_window": "24hr",
  "best_accuracy": 0.7790697674418605
}